0.00, 0.00, 600000.00, 174.94, 0.00, 2.00, 0.00
1.00, 174.94, 600046.38, 174.95, 92.75, 2.00, 0.00
2.00, 349.92, 600185.53, 174.99, 185.60, 2.00, 0.00
3.00, 524.94, 600417.68, 175.06, 278.76, 2.00, 0.00
4.00, 700.05, 600743.23, 175.16, 372.46, 2.00, 0.00
5.00, 875.27, 601162.84, 175.28, 466.91, 2.00, 0.00
6.00, 1050.63, 601677.38, 175.44, 562.34, 2.00, 0.00
7.00, 1226.15, 602287.93, 175.62, 658.99, 2.00, 0.00
8.00, 1401.88, 602995.81, 175.84, 756.98, 2.00, 0.00
9.00, 1577.83, 603802.29, 176.08, 856.21, 2.00, 0.00
10.00, 1754.05, 604708.70, 176.36, 956.85, 2.00, 0.00
11.00, 1930.57, 605716.50, 176.67, 1058.96, 2.00, 0.00
12.00, 2107.41, 606827.04, 177.02, 1162.35, 2.00, 0.00
13.00, 2284.62, 608041.67, 177.40, 1267.12, 2.00, 0.00
14.00, 2462.22, 609361.66, 177.82, 1373.03, 2.00, 0.00
15.00, 2670.65, 610773.34, 254.28, 1443.09, 2.00, 0.00
16.00, 2970.93, 612247.97, 346.36, 1506.24, 2.00, 0.00
17.00, 3363.53, 613785.96, 438.93, 1569.81, 2.00, 0.00
18.00, 3848.96, 615387.73, 532.01, 1633.81, 2.00, 0.00
19.00, 4427.65, 617053.64, 625.41, 1698.04, 2.00, 0.00
20.00, 5099.87, 618783.86, 719.07, 1762.41, 2.00, 0.00
21.00, 5865.89, 620578.51, 813.00, 1826.92, 2.00, 0.00
22.00, 6725.93, 622437.70, 907.12, 1891.46, 2.00, 0.00
23.00, 7680.19, 624361.43, 1001.41, 1956.00, 2.00, 0.00
24.00, 8728.82, 626349.70, 1095.88, 2020.52, 2.00, 0.00
25.00, 9871.99, 628402.46, 1190.49, 2084.98, 2.00, 0.00
26.00, 11109.84, 630519.63, 1281.62, 2121.31, 2.00, 0.00
27.00, 12427.96, 632588.98, 1354.57, 2017.38, 2.00, 0.00
28.00, 13818.91, 634554.35, 1427.31, 1913.34, 2.00, 0.00
29.00, 15282.50, 636415.63, 1499.83, 1809.19, 2.00, 0.00
30.00, 16818.50, 638172.69, 1572.12, 1704.92, 2.00, 0.00
31.00, 18426.67, 639825.43, 1644.17, 1600.52, 2.00, 0.00
32.00, 20106.77, 641373.69, 1715.97, 1495.98, 2.00, 0.00
33.00, 21858.52, 642817.35, 1787.49, 1391.30, 2.00, 0.00
34.00, 23681.66, 644156.24, 1858.74, 1286.46, 2.00, 0.00
35.00, 25552.14, 645422.39, 1870.31, 1261.91, 2.00, 0.00
36.00, 27422.28, 646680.07, 1869.97, 1253.47, 2.00, 0.00
37.00, 29292.06, 647929.34, 1869.60, 1245.07, 2.00, 0.00
38.00, 31161.47, 649170.22, 1869.21, 1236.70, 2.00, 0.00
39.00, 33030.47, 650402.74, 1868.80, 1228.36, 2.00, 0.00
40.00, 34899.06, 651626.95, 1868.36, 1220.06, 2.00, 0.00
41.00, 36767.20, 652842.88, 1867.91, 1211.80, 2.00, 0.00
42.00, 38634.87, 654050.57, 1867.44, 1203.57, 2.00, 0.00
43.00, 40502.06, 655250.03, 1866.94, 1195.37, 2.00, 0.00
44.00, 42368.74, 656441.33, 1866.42, 1187.21, 2.00, 0.00
45.00, 44234.90, 657624.47, 1865.89, 1179.09, 2.00, 0.00
46.00, 46100.52, 658799.51, 1865.33, 1170.99, 2.00, 0.00
47.00, 47965.56, 659966.47, 1864.76, 1162.93, 2.00, 0.00
48.00, 49830.03, 661125.38, 1864.16, 1154.90, 2.00, 0.00
49.00, 51693.89, 662276.28, 1863.55, 1146.91, 2.00, 0.00
50.00, 53557.12, 663419.20, 1862.92, 1138.94, 2.00, 0.00
51.00, 55419.72, 664554.18, 1862.27, 1131.01, 2.00, 0.00
52.00, 57281.65, 665681.24, 1861.60, 1123.12, 2.00, 0.00
53.00, 59142.91, 666800.42, 1860.91, 1115.25, 2.00, 0.00
54.00, 61003.47, 667911.75, 1860.21, 1107.42, 2.00, 0.00
55.00, 62863.31, 669015.27, 1859.48, 1099.61, 2.00, 0.00
56.00, 64722.43, 670110.99, 1858.74, 1091.84, 2.00, 0.00
57.00, 66580.79, 671198.96, 1857.99, 1084.10, 2.00, 0.00
58.00, 68438.39, 672279.21, 1857.21, 1076.39, 2.00, 0.00
59.00, 70295.21, 673351.76, 1856.42, 1068.71, 2.00, 0.00
60.00, 72151.23, 674416.64, 1855.61, 1061.07, 2.00, 0.00
61.00, 74006.43, 675473.90, 1854.79, 1053.45, 2.00, 0.00
62.00, 75860.79, 676523.55, 1853.94, 1045.86, 2.00, 0.00
63.00, 77714.31, 677565.63, 1853.09, 1038.30, 2.00, 0.00
64.00, 79566.96, 678600.16, 1852.21, 1030.77, 2.00, 0.00
65.00, 81418.73, 679627.18, 1851.33, 1023.27, 2.00, 0.00
66.00, 83269.61, 680646.72, 1850.42, 1015.80, 2.00, 0.00
67.00, 85119.57, 681658.80, 1849.50, 1008.36, 2.00, 0.00
68.00, 86968.61, 682663.45, 1848.57, 1000.95, 2.00, 0.00
69.00, 88816.70, 683660.71, 1847.62, 993.57, 2.00, 0.00
70.00, 90663.83, 684650.60, 1846.65, 986.21, 2.00, 0.00
71.00, 92510.00, 685633.15, 1845.67, 978.89, 2.00, 0.00
72.00, 94355.17, 686608.39, 1844.68, 971.59, 2.00, 0.00
73.00, 96199.35, 687576.34, 1843.67, 964.32, 2.00, 0.00
74.00, 98042.51, 688537.04, 1842.65, 957.08, 2.00, 0.00
75.00, 99884.64, 689490.51, 1841.61, 949.86, 2.00, 0.00
76.00, 101725.73, 690436.78, 1840.56, 942.68, 2.00, 0.00
77.00, 103565.76, 691375.87, 1839.50, 935.52, 2.00, 0.00
78.00, 105404.72, 692307.82, 1838.42, 928.38, 2.00, 0.00
79.00, 107242.60, 693232.65, 1837.33, 921.28, 2.00, 0.00
80.00, 109079.38, 694150.38, 1836.23, 914.20, 2.00, 0.00
81.00, 110915.05, 695061.05, 1835.11, 907.15, 2.00, 0.00
82.00, 112749.60, 695964.69, 1833.98, 900.12, 2.00, 0.00
83.00, 114583.01, 696861.30, 1832.84, 893.12, 2.00, 0.00
84.00, 116415.27, 697750.93, 1831.68, 886.15, 2.00, 0.00
85.00, 118246.37, 698633.60, 1830.51, 879.20, 2.00, 0.00
86.00, 120076.29, 699509.33, 1829.33, 872.27, 2.00, 0.00
87.00, 121905.03, 700378.16, 1828.14, 865.38, 2.00, 0.00
88.00, 123732.58, 701240.10, 1826.94, 858.51, 2.00, 0.00
89.00, 125558.91, 702095.18, 1825.72, 851.66, 2.00, 0.00
90.00, 127384.02, 702943.42, 1824.49, 844.84, 2.00, 0.00
91.00, 129207.89, 703784.86, 1823.25, 838.04, 2.00, 0.00
92.00, 131030.52, 704619.51, 1822.00, 831.27, 2.00, 0.00
93.00, 132851.90, 705447.41, 1820.74, 824.52, 2.00, 0.00
94.00, 134672.00, 706268.57, 1819.47, 817.80, 2.00, 0.00
95.00, 136490.82, 707083.01, 1818.18, 811.10, 2.00, 0.00
96.00, 138308.36, 707890.77, 1816.89, 804.43, 2.00, 0.00
97.00, 140124.59, 708691.87, 1815.58, 797.78, 2.00, 0.00
98.00, 141939.51, 709486.33, 1814.26, 791.15, 2.00, 0.00
99.00, 143753.11, 710274.18, 1812.93, 784.55, 2.00, 0.00
100.00, 145565.37, 711055.43, 1811.59, 777.97, 2.00, 0.00
101.00, 147376.29, 711830.12, 1810.24, 771.41, 2.00, 0.00
102.00, 149185.85, 712598.26, 1808.88, 764.88, 2.00, 0.00
103.00, 150994.05, 713359.88, 1807.51, 758.37, 2.00, 0.00
104.00, 152800.87, 714115.00, 1806.13, 751.88, 2.00, 0.00
105.00, 154606.31, 714863.65, 1804.74, 745.42, 2.00, 0.00
106.00, 156410.35, 715605.84, 1803.34, 738.97, 2.00, 0.00
107.00, 158212.99, 716341.61, 1801.93, 732.56, 2.00, 0.00
108.00, 160014.21, 717070.96, 1800.51, 726.16, 2.00, 0.00
109.00, 161814.00, 717793.93, 1799.08, 719.79, 2.00, 0.00
110.00, 163612.36, 718510.54, 1797.64, 713.43, 2.00, 0.00
111.00, 165409.28, 719220.81, 1796.19, 707.10, 2.00, 0.00
112.00, 167204.74, 719924.75, 1794.73, 700.79, 2.00, 0.00
113.00, 168998.75, 720622.40, 1793.27, 694.51, 2.00, 0.00
114.00, 170791.28, 721313.78, 1791.79, 688.24, 2.00, 0.00
115.00, 172582.32, 721998.89, 1790.31, 682.00, 2.00, 0.00
116.00, 174371.88, 722677.78, 1788.81, 675.78, 2.00, 0.00
117.00, 176159.94, 723350.45, 1787.31, 669.57, 2.00, 0.00
118.00, 177946.49, 724016.94, 1785.80, 663.39, 2.00, 0.00
119.00, 179731.53, 724677.25, 1784.27, 657.24, 2.00, 0.00
120.00, 181515.04, 725331.41, 1782.75, 651.10, 2.00, 0.00
121.00, 183297.02, 725979.45, 1781.21, 644.98, 2.00, 0.00
122.00, 185077.45, 726621.38, 1779.66, 638.88, 2.00, 0.00
123.00, 186856.34, 727257.22, 1778.11, 632.80, 2.00, 0.00
124.00, 188633.67, 727887.00, 1776.54, 626.75, 2.00, 0.00
125.00, 190409.42, 728510.72, 1774.97, 620.71, 2.00, 0.00
126.00, 192183.61, 729128.43, 1773.39, 614.70, 2.00, 0.00
127.00, 193956.21, 729740.12, 1771.81, 608.70, 2.00, 0.00
128.00, 195727.22, 730345.83, 1770.21, 602.72, 2.00, 0.00
129.00, 197496.63, 730945.57, 1768.61, 596.77, 2.00, 0.00
130.00, 199264.43, 731539.37, 1767.00, 590.83, 2.00, 0.00
131.00, 201030.62, 732127.24, 1765.38, 584.91, 2.00, 0.00
132.00, 202795.19, 732709.20, 1763.75, 579.01, 2.00, 0.00
133.00, 204558.13, 733285.27, 1762.12, 573.13, 2.00, 0.00
134.00, 206319.43, 733855.47, 1760.48, 567.27, 2.00, 0.00
135.00, 208079.08, 734419.82, 1758.83, 561.43, 2.00, 0.00
136.00, 209837.09, 734978.34, 1757.17, 555.61, 2.00, 0.00
137.00, 211593.43, 735531.05, 1755.51, 549.81, 2.00, 0.00
138.00, 213348.11, 736077.96, 1753.84, 544.02, 2.00, 0.00
139.00, 215101.11, 736619.10, 1752.16, 538.26, 2.00, 0.00
140.00, 216852.43, 737154.48, 1750.48, 532.51, 2.00, 0.00
141.00, 218602.06, 737684.12, 1748.79, 526.78, 2.00, 0.00
142.00, 220350.00, 738208.05, 1747.09, 521.07, 2.00, 0.00
143.00, 222096.24, 738726.27, 1745.38, 515.38, 2.00, 0.00
144.00, 223840.77, 739238.81, 1743.67, 509.70, 2.00, 0.00
145.00, 225583.58, 739745.68, 1741.95, 504.04, 2.00, 0.00
146.00, 227324.67, 740246.90, 1740.23, 498.41, 2.00, 0.00
147.00, 229064.03, 740742.49, 1738.49, 492.78, 2.00, 0.00
148.00, 230801.66, 741232.48, 1736.76, 487.18, 2.00, 0.00
149.00, 232537.54, 741716.86, 1735.01, 481.59, 2.00, 0.00
150.00, 234271.67, 742195.67, 1733.26, 476.03, 2.00, 0.00
151.00, 236004.05, 742668.92, 1731.50, 470.48, 2.00, 0.00
152.00, 237734.67, 743136.63, 1729.74, 464.94, 2.00, 0.00
153.00, 239463.52, 743598.81, 1727.97, 459.42, 2.00, 0.00
154.00, 241190.60, 744055.48, 1726.19, 453.92, 2.00, 0.00
155.00, 242915.90, 744506.66, 1724.41, 448.44, 2.00, 0.00
156.00, 244639.41, 744952.37, 1722.62, 442.98, 2.00, 0.00
157.00, 246361.13, 745392.62, 1720.82, 437.53, 2.00, 0.00
158.00, 248081.05, 745827.43, 1719.02, 432.09, 2.00, 0.00
159.00, 249799.16, 746256.82, 1717.21, 426.68, 2.00, 0.00
160.00, 251515.47, 746680.79, 1715.40, 421.28, 2.00, 0.00
161.00, 253229.96, 747099.38, 1713.58, 415.90, 2.00, 0.00
162.00, 254942.63, 747512.59, 1711.76, 410.53, 2.00, 0.00
163.00, 256653.47, 747920.44, 1709.93, 405.18, 2.00, 0.00
164.00, 258362.48, 748322.95, 1708.09, 399.84, 2.00, 0.00
165.00, 260069.65, 748720.14, 1706.25, 394.53, 2.00, 0.00
166.00, 261774.97, 749112.01, 1704.40, 389.22, 2.00, 0.00
167.00, 263478.44, 749498.59, 1702.55, 383.94, 2.00, 0.00
168.00, 265180.06, 749879.89, 1700.69, 378.67, 2.00, 0.00
169.00, 266879.82, 750255.93, 1698.82, 373.41, 2.00, 0.00
170.00, 268577.71, 750626.72, 1696.96, 368.17, 2.00, 0.00
171.00, 270273.73, 750992.27, 1695.08, 362.95, 2.00, 0.00
172.00, 271967.87, 751352.62, 1693.20, 357.74, 2.00, 0.00
173.00, 273660.13, 751707.76, 1691.32, 352.55, 2.00, 0.00
174.00, 275350.50, 752057.71, 1689.43, 347.37, 2.00, 0.00
175.00, 277038.98, 752402.50, 1687.53, 342.20, 2.00, 0.00
176.00, 278725.56, 752742.13, 1685.63, 337.06, 2.00, 0.00
177.00, 280410.23, 753076.62, 1683.72, 331.92, 2.00, 0.00
178.00, 282093.00, 753405.98, 1681.81, 326.81, 2.00, 0.00
179.00, 283773.86, 753730.24, 1679.90, 321.70, 2.00, 0.00
180.00, 285452.79, 754049.40, 1677.98, 316.62, 2.00, 0.00
181.00, 287129.81, 754363.47, 1676.05, 311.54, 2.00, 0.00
182.00, 288804.89, 754672.49, 1674.12, 306.48, 2.00, 0.00
183.00, 290478.04, 754976.45, 1672.18, 301.44, 2.00, 0.00
184.00, 292149.26, 755275.37, 1670.24, 296.41, 2.00, 0.00
185.00, 293818.53, 755569.27, 1668.30, 291.39, 2.00, 0.00
186.00, 295485.85, 755858.16, 1666.35, 286.39, 2.00, 0.00
187.00, 297151.22, 756142.06, 1664.39, 281.41, 2.00, 0.00
188.00, 298814.63, 756420.98, 1662.43, 276.43, 2.00, 0.00
189.00, 300476.09, 756694.93, 1660.47, 271.47, 2.00, 0.00
190.00, 302135.57, 756963.93, 1658.50, 266.53, 2.00, 0.00
191.00, 303793.09, 757228.00, 1656.53, 261.60, 2.00, 0.00
192.00, 305448.63, 757487.14, 1654.55, 256.68, 2.00, 0.00
193.00, 307102.19, 757741.37, 1652.57, 251.78, 2.00, 0.00
194.00, 308753.76, 757990.70, 1650.58, 246.89, 2.00, 0.00
195.00, 310403.35, 758235.15, 1648.59, 242.01, 2.00, 0.00
196.00, 312050.94, 758474.74, 1646.60, 237.15, 2.00, 0.00
197.00, 313696.54, 758709.46, 1644.60, 232.30, 2.00, 0.00
198.00, 315340.13, 758939.35, 1642.59, 227.47, 2.00, 0.00
199.00, 316981.72, 759164.41, 1640.58, 222.65, 2.00, 0.00
200.00, 318621.30, 759384.65, 1638.57, 217.84, 2.00, 0.00
201.00, 320258.86, 759600.09, 1636.55, 213.04, 2.00, 0.00
202.00, 321894.41, 759810.74, 1634.53, 208.26, 2.00, 0.00
203.00, 323527.93, 760016.61, 1632.51, 203.49, 2.00, 0.00
204.00, 325159.42, 760217.73, 1630.48, 198.74, 2.00, 0.00
205.00, 326788.88, 760414.09, 1628.44, 193.99, 2.00, 0.00
206.00, 328416.31, 760605.72, 1626.41, 189.26, 2.00, 0.00
207.00, 330041.69, 760792.62, 1624.37, 184.55, 2.00, 0.00
208.00, 331665.04, 760974.81, 1622.32, 179.84, 2.00, 0.00
209.00, 333286.33, 761152.31, 1620.27, 175.15, 2.00, 0.00
210.00, 334905.58, 761325.12, 1618.22, 170.47, 2.00, 0.00
211.00, 336522.76, 761493.25, 1616.16, 165.80, 2.00, 0.00
212.00, 338137.89, 761656.73, 1614.10, 161.15, 2.00, 0.00
213.00, 339750.96, 761815.55, 1612.03, 156.51, 2.00, 0.00
214.00, 341361.95, 761969.75, 1609.96, 151.88, 2.00, 0.00
215.00, 342970.88, 762119.31, 1607.89, 147.26, 2.00, 0.00
216.00, 344577.73, 762264.27, 1605.81, 142.66, 2.00, 0.00
217.00, 346182.50, 762404.63, 1603.73, 138.06, 2.00, 0.00
218.00, 347785.19, 762540.40, 1601.65, 133.48, 2.00, 0.00
219.00, 349385.80, 762671.60, 1599.56, 128.91, 2.00, 0.00
220.00, 350984.31, 762798.24, 1597.47, 124.36, 2.00, 0.00
221.00, 352580.73, 762920.32, 1595.37, 119.81, 2.00, 0.00
222.00, 354175.05, 763037.87, 1593.27, 115.28, 2.00, 0.00
223.00, 355767.27, 763150.89, 1591.17, 110.76, 2.00, 0.00
224.00, 357357.39, 763259.39, 1589.06, 106.25, 2.00, 0.00
225.00, 358945.40, 763363.39, 1586.95, 101.75, 2.00, 0.00
226.00, 360531.30, 763462.90, 1584.84, 97.27, 2.00, 0.00
227.00, 362115.08, 763557.94, 1582.72, 92.79, 2.00, 0.00
228.00, 363696.74, 763648.50, 1580.60, 88.33, 2.00, 0.00
229.00, 365276.28, 763734.60, 1578.48, 83.88, 2.00, 0.00
230.00, 366853.69, 763816.26, 1576.35, 79.44, 2.00, 0.00
231.00, 368428.97, 763893.49, 1574.22, 75.01, 2.00, 0.00
232.00, 370002.12, 763966.30, 1572.08, 70.60, 2.00, 0.00
233.00, 371573.14, 764034.69, 1569.94, 66.19, 2.00, 0.00
234.00, 373142.01, 764098.68, 1567.80, 61.80, 2.00, 0.00
235.00, 374708.75, 764158.29, 1565.66, 57.41, 2.00, 0.00
236.00, 376273.33, 764213.51, 1563.51, 53.04, 2.00, 0.00
237.00, 377835.76, 764264.37, 1561.36, 48.68, 2.00, 0.00
238.00, 379396.05, 764310.88, 1559.20, 44.33, 2.00, 0.00
239.00, 380954.17, 764353.04, 1557.05, 39.99, 2.00, 0.00
240.00, 382510.14, 764390.87, 1554.88, 35.66, 2.00, 0.00
241.00, 384063.94, 764424.37, 1552.72, 31.35, 2.00, 0.00
242.00, 385615.57, 764453.56, 1550.55, 27.04, 2.00, 0.00
243.00, 387165.04, 764478.45, 1548.38, 22.74, 2.00, 0.00
244.00, 388712.33, 764499.05, 1546.21, 18.46, 2.00, 0.00
245.00, 390257.45, 764515.38, 1544.03, 14.18, 2.00, 0.00
246.00, 391800.39, 764527.43, 1541.85, 9.92, 2.00, 0.00
247.00, 393341.14, 764535.22, 1539.66, 5.67, 2.00, 0.00
248.00, 394879.71, 764538.76, 1537.48, 1.42, 2.00, 0.00
249.00, 396416.09, 764538.07, 1535.29, -2.81, 2.00, 0.00
250.00, 397950.28, 764533.15, 1533.09, -7.03, 2.00, 0.00
251.00, 399482.28, 764524.01, 1530.90, -11.24, 2.00, 0.00
252.00, 401012.07, 764510.67, 1528.70, -15.44, 2.00, 0.00
253.00, 402539.67, 764493.13, 1526.49, -19.63, 2.00, 0.00
254.00, 404065.06, 764471.40, 1524.29, -23.82, 2.00, 0.00
255.00, 405588.24, 764445.50, 1522.08, -27.99, 2.00, 0.00
256.00, 407109.21, 764415.43, 1519.87, -32.15, 2.00, 0.00
257.00, 408627.97, 764381.21, 1517.65, -36.30, 2.00, 0.00
258.00, 410144.52, 764342.84, 1515.43, -40.44, 2.00, 0.00
259.00, 411658.84, 764300.33, 1513.21, -44.57, 2.00, 0.00
260.00, 413170.94, 764253.70, 1510.99, -48.69, 2.00, 0.00
261.00, 414680.82, 764202.96, 1508.76, -52.80, 2.00, 0.00
262.00, 416188.47, 764148.10, 1506.53, -56.90, 2.00, 0.00
263.00, 417693.89, 764089.15, 1504.30, -60.99, 2.00, 0.00
264.00, 419197.07, 764026.12, 1502.07, -65.08, 2.00, 0.00
265.00, 420698.02, 763959.00, 1499.83, -69.15, 2.00, 0.00
266.00, 422196.73, 763887.83, 1497.59, -73.21, 2.00, 0.00
267.00, 423693.19, 763812.59, 1495.34, -77.26, 2.00, 0.00
268.00, 425187.41, 763733.30, 1493.10, -81.31, 2.00, 0.00
269.00, 426679.38, 763649.98, 1490.85, -85.34, 2.00, 0.00
270.00, 428169.10, 763562.63, 1488.59, -89.36, 2.00, 0.00
271.00, 429656.57, 763471.25, 1486.34, -93.38, 2.00, 0.00
272.00, 431141.78, 763375.87, 1484.08, -97.38, 2.00, 0.00
273.00, 432624.73, 763276.49, 1481.82, -101.38, 2.00, 0.00
274.00, 434105.42, 763173.11, 1479.56, -105.37, 2.00, 0.00
275.00, 435583.84, 763065.76, 1477.29, -109.34, 2.00, 0.00
276.00, 437059.99, 762954.43, 1475.02, -113.31, 2.00, 0.00
277.00, 438533.88, 762839.14, 1472.75, -117.27, 2.00, 0.00
278.00, 440005.49, 762719.89, 1470.47, -121.22, 2.00, 0.00
279.00, 441474.82, 762596.69, 1468.20, -125.16, 2.00, 0.00
280.00, 442941.88, 762469.57, 1465.92, -129.09, 2.00, 0.00
281.00, 444406.65, 762338.51, 1463.63, -133.02, 2.00, 0.00
282.00, 445869.14, 762203.53, 1461.35, -136.93, 2.00, 0.00
283.00, 447329.35, 762064.65, 1459.06, -140.84, 2.00, 0.00
284.00, 448787.26, 761921.86, 1456.77, -144.73, 2.00, 0.00
285.00, 450242.88, 761775.19, 1454.47, -148.62, 2.00, 0.00
286.00, 451696.21, 761624.63, 1452.18, -152.50, 2.00, 0.00
287.00, 453147.24, 761470.20, 1449.88, -156.37, 2.00, 0.00
288.00, 454595.97, 761311.90, 1447.58, -160.23, 2.00, 0.00
289.00, 456042.39, 761149.74, 1445.27, -164.08, 2.00, 0.00
290.00, 457486.52, 760983.74, 1442.97, -167.92, 2.00, 0.00
291.00, 458928.33, 760813.90, 1440.66, -171.76, 2.00, 0.00
292.00, 460367.83, 760640.23, 1438.35, -175.58, 2.00, 0.00
293.00, 461805.02, 760462.73, 1436.03, -179.40, 2.00, 0.00
294.00, 463239.89, 760281.42, 1433.71, -183.21, 2.00, 0.00
295.00, 464672.45, 760096.31, 1431.39, -187.01, 2.00, 0.00
296.00, 466102.68, 759907.40, 1429.07, -190.80, 2.00, 0.00
297.00, 467530.59, 759714.71, 1426.75, -194.59, 2.00, 0.00
298.00, 468956.18, 759518.23, 1424.42, -198.36, 2.00, 0.00
299.00, 470379.43, 759317.98, 1422.09, -202.13, 2.00, 0.00
300.00, 471800.36, 759113.97, 1419.76, -205.89, 2.00, 0.00
301.00, 473218.95, 758906.20, 1417.42, -209.64, 2.00, 0.00
302.00, 474635.20, 758694.69, 1415.09, -213.38, 2.00, 0.00
303.00, 476049.12, 758479.44, 1412.75, -217.12, 2.00, 0.00
304.00, 477460.70, 758260.46, 1410.40, -220.84, 2.00, 0.00
305.00, 478869.93, 758037.76, 1408.06, -224.56, 2.00, 0.00
306.00, 480276.81, 757811.34, 1405.71, -228.27, 2.00, 0.00
307.00, 481681.35, 757581.22, 1403.36, -231.97, 2.00, 0.00
308.00, 483083.53, 757347.40, 1401.01, -235.67, 2.00, 0.00
309.00, 484483.37, 757109.88, 1398.65, -239.35, 2.00, 0.00
310.00, 485880.84, 756868.69, 1396.30, -243.03, 2.00, 0.00
311.00, 487275.96, 756623.83, 1393.94, -246.70, 2.00, 0.00
312.00, 488668.72, 756375.29, 1391.58, -250.36, 2.00, 0.00
313.00, 490059.11, 756123.10, 1389.21, -254.02, 2.00, 0.00
314.00, 491447.14, 755867.26, 1386.84, -257.66, 2.00, 0.00
315.00, 492832.80, 755607.78, 1384.47, -261.30, 2.00, 0.00
316.00, 494216.09, 755344.66, 1382.10, -264.93, 2.00, 0.00
317.00, 495597.00, 755077.92, 1379.73, -268.56, 2.00, 0.00
318.00, 496975.54, 754807.56, 1377.35, -272.17, 2.00, 0.00
319.00, 498351.70, 754533.58, 1374.97, -275.78, 2.00, 0.00
320.00, 499725.48, 754256.00, 1372.59, -279.38, 2.00, 0.00
321.00, 501096.88, 753974.83, 1370.21, -282.97, 2.00, 0.00
322.00, 502465.90, 753690.06, 1367.82, -286.56, 2.00, 0.00
323.00, 503832.52, 753401.72, 1365.43, -290.13, 2.00, 0.00
324.00, 505196.76, 753109.80, 1363.04, -293.70, 2.00, 0.00
325.00, 506558.60, 752814.31, 1360.65, -297.27, 2.00, 0.00
326.00, 507918.05, 752515.27, 1358.25, -300.82, 2.00, 0.00
327.00, 509275.11, 752212.67, 1355.85, -304.37, 2.00, 0.00
328.00, 510629.76, 751906.53, 1353.45, -307.91, 2.00, 0.00
329.00, 511982.01, 751596.85, 1351.05, -311.44, 2.00, 0.00
330.00, 513331.86, 751283.65, 1348.64, -314.97, 2.00, 0.00
331.00, 514679.30, 750966.92, 1346.24, -318.49, 2.00, 0.00
332.00, 516024.33, 750646.68, 1343.83, -322.00, 2.00, 0.00
333.00, 517366.95, 750322.93, 1341.41, -325.50, 2.00, 0.00
334.00, 518707.16, 749995.68, 1339.00, -329.00, 2.00, 0.00
335.00, 520044.95, 749664.94, 1336.58, -332.49, 2.00, 0.00
336.00, 521380.32, 749330.71, 1334.16, -335.97, 2.00, 0.00
337.00, 522713.28, 748993.00, 1331.74, -339.44, 2.00, 0.00
338.00, 524043.81, 748651.82, 1329.32, -342.91, 2.00, 0.00
339.00, 525371.91, 748307.18, 1326.89, -346.37, 2.00, 0.00
340.00, 526697.59, 747959.08, 1324.46, -349.83, 2.00, 0.00
341.00, 528020.84, 747607.53, 1322.03, -353.27, 2.00, 0.00
342.00, 529341.66, 747252.54, 1319.60, -356.71, 2.00, 0.00
343.00, 530660.04, 746894.10, 1317.16, -360.15, 2.00, 0.00
344.00, 531975.98, 746532.24, 1314.73, -363.57, 2.00, 0.00
345.00, 533289.49, 746166.96, 1312.29, -366.99, 2.00, 0.00
346.00, 534600.55, 745798.26, 1309.84, -370.40, 2.00, 0.00
347.00, 535909.17, 745426.15, 1307.40, -373.81, 2.00, 0.00
348.00, 537215.35, 745050.64, 1304.95, -377.21, 2.00, 0.00
349.00, 538519.08, 744671.74, 1302.50, -380.60, 2.00, 0.00
350.00, 539820.35, 744289.44, 1300.05, -383.99, 2.00, 0.00
351.00, 541119.18, 743903.77, 1297.60, -387.36, 2.00, 0.00
352.00, 542415.55, 743514.72, 1295.14, -390.74, 2.00, 0.00
353.00, 543709.46, 743122.30, 1292.68, -394.10, 2.00, 0.00
354.00, 545000.91, 742726.52, 1290.22, -397.46, 2.00, 0.00
355.00, 546289.90, 742327.38, 1287.76, -400.81, 2.00, 0.00
356.00, 547576.43, 741924.90, 1285.29, -404.16, 2.00, 0.00
357.00, 548860.49, 741519.07, 1282.83, -407.49, 2.00, 0.00
358.00, 550142.08, 741109.91, 1280.36, -410.83, 2.00, 0.00
359.00, 551421.20, 740697.42, 1277.88, -414.15, 2.00, 0.00
360.00, 552697.85, 740281.61, 1275.41, -417.47, 2.00, 0.00
361.00, 553972.02, 739862.48, 1272.93, -420.78, 2.00, 0.00
362.00, 555243.71, 739440.05, 1270.45, -424.09, 2.00, 0.00
363.00, 556512.92, 739014.31, 1267.97, -427.39, 2.00, 0.00
364.00, 557779.66, 738585.27, 1265.49, -430.68, 2.00, 0.00
365.00, 559043.90, 738152.95, 1263.00, -433.97, 2.00, 0.00
366.00, 560305.66, 737717.34, 1260.52, -437.25, 2.00, 0.00
367.00, 561564.93, 737278.45, 1258.03, -440.52, 2.00, 0.00
368.00, 562821.71, 736836.29, 1255.53, -443.79, 2.00, 0.00
369.00, 564076.00, 736390.87, 1253.04, -447.05, 2.00, 0.00
370.00, 565327.79, 735942.19, 1250.54, -450.31, 2.00, 0.00
371.00, 566577.08, 735490.26, 1248.04, -453.56, 2.00, 0.00
372.00, 567823.87, 735035.08, 1245.54, -456.80, 2.00, 0.00
373.00, 569068.16, 734576.67, 1243.04, -460.04, 2.00, 0.00
374.00, 570309.95, 734115.01, 1240.53, -463.27, 2.00, 0.00
375.00, 571549.23, 733650.14, 1238.02, -466.49, 2.00, 0.00
376.00, 572785.99, 733182.04, 1235.51, -469.71, 2.00, 0.00
377.00, 574020.25, 732710.72, 1233.00, -472.92, 2.00, 0.00
378.00, 575251.99, 732236.20, 1230.48, -476.13, 2.00, 0.00
379.00, 576481.22, 731758.47, 1227.97, -479.33, 2.00, 0.00
380.00, 577707.93, 731277.55, 1225.45, -482.52, 2.00, 0.00
381.00, 578932.11, 730793.44, 1222.93, -485.71, 2.00, 0.00
382.00, 580153.78, 730306.14, 1220.40, -488.89, 2.00, 0.00
383.00, 581372.92, 729815.66, 1217.88, -492.06, 2.00, 0.00
384.00, 582589.53, 729322.01, 1215.35, -495.23, 2.00, 0.00
385.00, 583803.61, 728825.20, 1212.82, -498.40, 2.00, 0.00
386.00, 585015.16, 728325.22, 1210.28, -501.56, 2.00, 0.00
387.00, 586224.17, 727822.09, 1207.75, -504.71, 2.00, 0.00
388.00, 587430.65, 727315.81, 1205.21, -507.85, 2.00, 0.00
389.00, 588634.59, 726806.38, 1202.67, -510.99, 2.00, 0.00
390.00, 589835.99, 726293.82, 1200.13, -514.13, 2.00, 0.00
391.00, 591034.85, 725778.13, 1197.58, -517.26, 2.00, 0.00
392.00, 592231.16, 725259.31, 1195.04, -520.38, 2.00, 0.00
393.00, 593424.92, 724737.37, 1192.49, -523.50, 2.00, 0.00
394.00, 594616.14, 724212.31, 1189.94, -526.61, 2.00, 0.00
395.00, 595804.80, 723684.15, 1187.38, -529.71, 2.00, 0.00
396.00, 596990.90, 723152.89, 1184.83, -532.81, 2.00, 0.00
397.00, 598174.45, 722618.52, 1182.27, -535.91, 2.00, 0.00
398.00, 599355.44, 722081.07, 1179.71, -539.00, 2.00, 0.00
399.00, 600533.87, 721540.53, 1177.15, -542.08, 2.00, 0.00
400.00, 601709.74, 720996.91, 1174.58, -545.16, 2.00, 0.00
401.00, 602883.04, 720450.22, 1172.02, -548.23, 2.00, 0.00
402.00, 604053.77, 719900.45, 1169.45, -551.30, 2.00, 0.00
403.00, 605221.93, 719347.63, 1166.87, -554.36, 2.00, 0.00
404.00, 606387.52, 718791.74, 1164.30, -557.41, 2.00, 0.00
405.00, 607550.53, 718232.81, 1161.73, -560.46, 2.00, 0.00
406.00, 608710.97, 717670.82, 1159.15, -563.51, 2.00, 0.00
407.00, 609868.82, 717105.80, 1156.57, -566.54, 2.00, 0.00
408.00, 611024.10, 716537.74, 1153.98, -569.58, 2.00, 0.00
409.00, 612176.79, 715966.65, 1151.40, -572.60, 2.00, 0.00
410.00, 613326.89, 715392.53, 1148.81, -575.63, 2.00, 0.00
411.00, 614474.41, 714815.39, 1146.22, -578.64, 2.00, 0.00
412.00, 615619.33, 714235.24, 1143.63, -581.65, 2.00, 0.00
413.00, 616761.66, 713652.09, 1141.03, -584.66, 2.00, 0.00
414.00, 617901.40, 713065.93, 1138.44, -587.66, 2.00, 0.00
415.00, 619038.54, 712476.77, 1135.84, -590.66, 2.00, 0.00
416.00, 620173.08, 711884.61, 1133.24, -593.65, 2.00, 0.00
417.00, 621305.01, 711289.48, 1130.63, -596.63, 2.00, 0.00
418.00, 622434.34, 710691.35, 1128.03, -599.61, 2.00, 0.00
419.00, 623561.07, 710090.26, 1125.42, -602.58, 2.00, 0.00
420.00, 624685.18, 709486.19, 1122.81, -605.55, 2.00, 0.00
421.00, 625806.68, 708879.15, 1120.20, -608.52, 2.00, 0.00
422.00, 626925.57, 708269.16, 1117.58, -611.48, 2.00, 0.00
423.00, 628041.84, 707656.20, 1114.96, -614.43, 2.00, 0.00
424.00, 629155.50, 707040.30, 1112.34, -617.38, 2.00, 0.00
425.00, 630266.53, 706421.45, 1109.72, -620.32, 2.00, 0.00
426.00, 631374.94, 705799.66, 1107.10, -623.26, 2.00, 0.00
427.00, 632480.72, 705174.94, 1104.47, -626.19, 2.00, 0.00
428.00, 633583.88, 704547.29, 1101.84, -629.12, 2.00, 0.00
429.00, 634684.41, 703916.71, 1099.21, -632.04, 2.00, 0.00
430.00, 635782.30, 703283.21, 1096.58, -634.96, 2.00, 0.00
431.00, 636877.56, 702646.80, 1093.94, -637.87, 2.00, 0.00
432.00, 637970.18, 702007.48, 1091.30, -640.78, 2.00, 0.00
433.00, 639060.16, 701365.25, 1088.66, -643.68, 2.00, 0.00
434.00, 640147.50, 700720.12, 1086.02, -646.57, 2.00, 0.00
435.00, 641232.19, 700072.10, 1083.37, -649.47, 2.00, 0.00
436.00, 642314.24, 699421.19, 1080.72, -652.35, 2.00, 0.00
437.00, 643393.64, 698767.40, 1078.07, -655.24, 2.00, 0.00
438.00, 644470.39, 698110.72, 1075.42, -658.11, 2.00, 0.00
439.00, 645544.49, 697451.18, 1072.77, -660.98, 2.00, 0.00
440.00, 646615.92, 696788.76, 1070.11, -663.85, 2.00, 0.00
441.00, 647684.70, 696123.47, 1067.45, -666.71, 2.00, 0.00
442.00, 648750.82, 695455.33, 1064.79, -669.57, 2.00, 0.00
443.00, 649814.28, 694784.33, 1062.12, -672.42, 2.00, 0.00
444.00, 650875.07, 694110.48, 1059.46, -675.27, 2.00, 0.00
445.00, 651933.19, 693433.79, 1056.79, -678.11, 2.00, 0.00
446.00, 652988.64, 692754.26, 1054.12, -680.95, 2.00, 0.00
447.00, 654041.42, 692071.89, 1051.44, -683.79, 2.00, 0.00
448.00, 655091.52, 691386.69, 1048.77, -686.61, 2.00, 0.00
449.00, 656138.95, 690698.66, 1046.09, -689.44, 2.00, 0.00
450.00, 657183.70, 690007.81, 1043.41, -692.26, 2.00, 0.00
451.00, 658225.76, 689314.15, 1040.72, -695.07, 2.00, 0.00
452.00, 659265.14, 688617.67, 1038.04, -697.88, 2.00, 0.00
453.00, 660301.83, 687918.39, 1035.35, -700.68, 2.00, 0.00
454.00, 661335.83, 687216.31, 1032.66, -703.48, 2.00, 0.00
455.00, 662367.14, 686511.42, 1029.96, -706.28, 2.00, 0.00
456.00, 663395.76, 685803.75, 1027.27, -709.07, 2.00, 0.00
457.00, 664421.68, 685093.29, 1024.57, -711.86, 2.00, 0.00
458.00, 665444.89, 684380.04, 1021.87, -714.64, 2.00, 0.00
459.00, 666465.41, 683664.01, 1019.17, -717.41, 2.00, 0.00
460.00, 667483.22, 682945.21, 1016.46, -720.18, 2.00, 0.00
461.00, 668498.33, 682223.65, 1013.75, -722.95, 2.00, 0.00
462.00, 669510.73, 681499.31, 1011.04, -725.71, 2.00, 0.00
463.00, 670520.41, 680772.22, 1008.33, -728.47, 2.00, 0.00
464.00, 671527.38, 680042.37, 1005.61, -731.23, 2.00, 0.00
465.00, 672531.63, 679309.77, 1002.89, -733.97, 2.00, 0.00
466.00, 673533.17, 678574.42, 1000.17, -736.72, 2.00, 0.00
467.00, 674531.98, 677836.33, 997.45, -739.46, 2.00, 0.00
468.00, 675528.07, 677095.50, 994.73, -742.19, 2.00, 0.00
469.00, 676521.43, 676351.94, 992.00, -744.92, 2.00, 0.00
470.00, 677512.07, 675605.65, 989.27, -747.65, 2.00, 0.00
471.00, 678499.97, 674856.64, 986.53, -750.37, 2.00, 0.00
472.00, 679485.13, 674104.91, 983.80, -753.09, 2.00, 0.00
473.00, 680467.56, 673350.46, 981.06, -755.80, 2.00, 0.00
474.00, 681447.26, 672593.31, 978.32, -758.51, 2.00, 0.00
475.00, 682424.21, 671833.44, 975.58, -761.22, 2.00, 0.00
476.00, 683398.41, 671070.88, 972.83, -763.91, 2.00, 0.00
477.00, 684369.87, 670305.61, 970.08, -766.61, 2.00, 0.00
478.00, 685338.58, 669537.66, 967.33, -769.30, 2.00, 0.00
479.00, 686304.54, 668767.02, 964.58, -771.99, 2.00, 0.00
480.00, 687267.74, 667993.69, 961.82, -774.67, 2.00, 0.00
481.00, 688228.18, 667217.68, 959.07, -777.35, 2.00, 0.00
482.00, 689185.87, 666439.00, 956.31, -780.02, 2.00, 0.00
483.00, 690140.79, 665657.64, 953.54, -782.69, 2.00, 0.00
484.00, 691092.95, 664873.62, 950.78, -785.35, 2.00, 0.00
485.00, 692042.34, 664086.94, 948.01, -788.01, 2.00, 0.00
486.00, 692988.97, 663297.60, 945.24, -790.67, 2.00, 0.00
487.00, 693932.82, 662505.60, 942.46, -793.32, 2.00, 0.00
488.00, 694873.89, 661710.96, 939.69, -795.97, 2.00, 0.00
489.00, 695812.19, 660913.67, 936.91, -798.61, 2.00, 0.00
490.00, 696747.70, 660113.74, 934.13, -801.25, 2.00, 0.00
491.00, 697680.44, 659311.17, 931.34, -803.88, 2.00, 0.00
492.00, 698610.38, 658505.97, 928.55, -806.51, 2.00, 0.00
493.00, 699537.54, 657698.15, 925.76, -809.14, 2.00, 0.00
494.00, 700461.91, 656887.69, 922.97, -811.76, 2.00, 0.00
495.00, 701383.49, 656074.62, 920.18, -814.38, 2.00, 0.00
496.00, 702302.26, 655258.94, 917.38, -816.99, 2.00, 0.00
497.00, 703218.24, 654440.64, 914.58, -819.60, 2.00, 0.00
498.00, 704131.42, 653619.73, 911.78, -822.21, 2.00, 0.00
499.00, 705041.80, 652796.22, 908.97, -824.81, 2.00, 0.00
500.00, 705949.36, 651970.12, 906.16, -827.41, 2.00, 0.00
501.00, 706854.12, 651141.41, 903.35, -830.00, 2.00, 0.00
502.00, 707756.07, 650310.12, 900.54, -832.59, 2.00, 0.00
503.00, 708655.20, 649476.24, 897.72, -835.17, 2.00, 0.00
504.00, 709551.51, 648639.78, 894.90, -837.75, 2.00, 0.00
505.00, 710445.00, 647800.74, 892.08, -840.33, 2.00, 0.00
506.00, 711335.67, 646959.13, 889.26, -842.90, 2.00, 0.00
507.00, 712223.51, 646114.94, 886.43, -845.47, 2.00, 0.00
508.00, 713108.53, 645268.19, 883.60, -848.03, 2.00, 0.00
509.00, 713990.71, 644418.88, 880.77, -850.59, 2.00, 0.00
510.00, 714870.06, 643567.01, 877.93, -853.15, 2.00, 0.00
511.00, 715746.57, 642712.59, 875.09, -855.70, 2.00, 0.00
512.00, 716620.25, 641855.61, 872.25, -858.25, 2.00, 0.00
513.00, 717491.08, 640996.09, 869.41, -860.79, 2.00, 0.00
514.00, 718359.06, 640134.03, 866.56, -863.33, 2.00, 0.00
515.00, 719224.20, 639269.43, 863.71, -865.87, 2.00, 0.00
516.00, 720086.49, 638402.30, 860.86, -868.40, 2.00, 0.00
517.00, 720945.92, 637532.64, 858.01, -870.93, 2.00, 0.00
518.00, 721802.50, 636660.45, 855.15, -873.45, 2.00, 0.00
519.00, 722656.22, 635785.74, 852.29, -875.97, 2.00, 0.00
520.00, 723507.07, 634908.51, 849.42, -878.49, 2.00, 0.00
521.00, 724355.06, 634028.77, 846.56, -881.00, 2.00, 0.00
522.00, 725200.19, 633146.51, 843.69, -883.51, 2.00, 0.00
523.00, 726042.44, 632261.75, 840.82, -886.01, 2.00, 0.00
524.00, 726881.82, 631374.49, 837.94, -888.51, 2.00, 0.00
525.00, 727718.32, 630484.73, 835.06, -891.01, 2.00, 0.00
526.00, 728551.95, 629592.48, 832.18, -893.50, 2.00, 0.00
527.00, 729382.69, 628697.74, 829.30, -895.99, 2.00, 0.00
528.00, 730210.55, 627800.51, 826.41, -898.47, 2.00, 0.00
529.00, 731035.52, 626900.79, 823.52, -900.95, 2.00, 0.00
530.00, 731857.59, 625998.60, 820.63, -903.43, 2.00, 0.00
531.00, 732676.78, 625093.93, 817.74, -905.90, 2.00, 0.00
532.00, 733493.07, 624186.79, 814.84, -908.37, 2.00, 0.00
533.00, 734306.46, 623277.19, 811.94, -910.84, 2.00, 0.00
534.00, 735116.95, 622365.12, 809.03, -913.30, 2.00, 0.00
535.00, 735924.53, 621450.59, 806.13, -915.76, 2.00, 0.00
536.00, 736729.20, 620533.60, 803.22, -918.21, 2.00, 0.00
537.00, 737530.96, 619614.17, 800.31, -920.66, 2.00, 0.00
538.00, 738329.81, 618692.28, 797.39, -923.11, 2.00, 0.00
539.00, 739125.74, 617767.95, 794.47, -925.55, 2.00, 0.00
540.00, 739918.75, 616841.18, 791.55, -927.99, 2.00, 0.00
541.00, 740708.84, 615911.97, 788.63, -930.42, 2.00, 0.00
542.00, 741496.00, 614980.33, 785.70, -932.86, 2.00, 0.00
543.00, 742280.23, 614046.26, 782.77, -935.28, 2.00, 0.00
544.00, 743061.53, 613109.77, 779.83, -937.71, 2.00, 0.00
545.00, 743839.90, 612170.85, 776.90, -940.13, 2.00, 0.00
546.00, 744615.33, 611229.51, 773.96, -942.54, 2.00, 0.00
547.00, 745387.81, 610285.76, 771.01, -944.96, 2.00, 0.00
548.00, 746157.35, 609339.60, 768.07, -947.37, 2.00, 0.00
549.00, 746923.94, 608391.03, 765.12, -949.77, 2.00, 0.00
550.00, 747687.59, 607440.06, 762.17, -952.17, 2.00, 0.00
551.00, 748448.28, 606486.69, 759.21, -954.57, 2.00, 0.00
552.00, 749206.01, 605530.92, 756.25, -956.96, 2.00, 0.00
553.00, 749960.78, 604572.77, 753.29, -959.35, 2.00, 0.00
554.00, 750712.59, 603612.22, 750.33, -961.74, 2.00, 0.00
555.00, 751461.44, 602649.29, 747.36, -964.12, 2.00, 0.00
556.00, 752207.31, 601683.97, 744.39, -966.50, 2.00, 0.00
557.00, 752950.21, 600716.28, 741.41, -968.88, 2.00, 0.00
558.00, 753690.14, 599746.22, 738.44, -971.25, 2.00, 0.00
559.00, 754427.09, 598773.78, 735.46, -973.62, 2.00, 0.00
560.00, 755161.05, 597798.98, 732.47, -975.98, 2.00, 0.00
561.00, 755892.03, 596821.81, 729.49, -978.35, 2.00, 0.00
562.00, 756620.03, 595842.29, 726.50, -980.70, 2.00, 0.00
563.00, 757345.03, 594860.41, 723.50, -983.06, 2.00, 0.00
564.00, 758067.03, 593876.18, 720.51, -985.41, 2.00, 0.00
565.00, 758786.04, 592889.60, 717.51, -987.75, 2.00, 0.00
566.00, 759502.05, 591900.67, 714.51, -990.10, 2.00, 0.00
567.00, 760215.05, 590909.40, 711.50, -992.44, 2.00, 0.00
568.00, 760925.05, 589915.80, 708.49, -994.77, 2.00, 0.00
569.00, 761632.04, 588919.86, 705.48, -997.11, 2.00, 0.00
570.00, 762336.01, 587921.59, 702.46, -999.43, 2.00, 0.00
571.00, 763036.96, 586920.99, 699.44, -1001.76, 2.00, 0.00
572.00, 763734.89, 585918.07, 696.42, -1004.08, 2.00, 0.00
573.00, 764429.80, 584912.83, 693.40, -1006.40, 2.00, 0.00
574.00, 765121.68, 583905.27, 690.37, -1008.71, 2.00, 0.00
575.00, 765810.53, 582895.41, 687.33, -1011.02, 2.00, 0.00
576.00, 766496.35, 581883.23, 684.30, -1013.33, 2.00, 0.00
577.00, 767179.13, 580868.74, 681.26, -1015.64, 2.00, 0.00
578.00, 767858.87, 579851.96, 678.22, -1017.94, 2.00, 0.00
579.00, 768535.56, 578832.87, 675.17, -1020.23, 2.00, 0.00
580.00, 769209.21, 577811.49, 672.12, -1022.53, 2.00, 0.00
581.00, 769879.81, 576787.82, 669.07, -1024.82, 2.00, 0.00
582.00, 770547.35, 575761.86, 666.01, -1027.10, 2.00, 0.00
583.00, 771211.83, 574733.61, 662.95, -1029.39, 2.00, 0.00
584.00, 771873.26, 573703.08, 659.89, -1031.67, 2.00, 0.00
585.00, 772531.62, 572670.28, 656.83, -1033.94, 2.00, 0.00
586.00, 773186.91, 571635.20, 653.76, -1036.21, 2.00, 0.00
587.00, 773839.13, 570597.85, 650.68, -1038.48, 2.00, 0.00
588.00, 774488.27, 569558.24, 647.61, -1040.75, 2.00, 0.00
589.00, 775134.34, 568516.35, 644.53, -1043.01, 2.00, 0.00
590.00, 775777.32, 567472.21, 641.44, -1045.27, 2.00, 0.00
591.00, 776417.22, 566425.82, 638.36, -1047.52, 2.00, 0.00
592.00, 777054.03, 565377.17, 635.26, -1049.78, 2.00, 0.00
593.00, 777687.75, 564326.26, 632.17, -1052.02, 2.00, 0.00
594.00, 778318.38, 563273.12, 629.07, -1054.27, 2.00, 0.00
595.00, 778945.90, 562217.73, 625.97, -1056.51, 2.00, 0.00
596.00, 779570.32, 561160.10, 622.87, -1058.75, 2.00, 0.00
597.00, 780191.63, 560100.23, 619.76, -1060.98, 2.00, 0.00
598.00, 780809.83, 559038.13, 616.65, -1063.21, 2.00, 0.00
599.00, 781424.92, 557973.80, 613.53, -1065.44, 2.00, 0.00
600.00, 782036.90, 556907.25, 610.41, -1067.67, 2.00, 0.00
601.00, 782645.75, 555838.47, 607.29, -1069.89, 2.00, 0.00
602.00, 783251.47, 554767.47, 604.16, -1072.10, 2.00, 0.00
603.00, 783854.07, 553694.26, 601.03, -1074.32, 2.00, 0.00
604.00, 784453.54, 552618.84, 597.90, -1076.53, 2.00, 0.00
605.00, 785049.87, 551541.20, 594.76, -1078.74, 2.00, 0.00
606.00, 785643.06, 550461.36, 591.62, -1080.94, 2.00, 0.00
607.00, 786233.11, 549379.32, 588.48, -1083.14, 2.00, 0.00
608.00, 786820.01, 548295.08, 585.33, -1085.34, 2.00, 0.00
609.00, 787403.76, 547208.65, 582.17, -1087.53, 2.00, 0.00
610.00, 787984.35, 546120.02, 579.02, -1089.72, 2.00, 0.00
611.00, 788561.79, 545029.21, 575.86, -1091.91, 2.00, 0.00
612.00, 789136.07, 543936.20, 572.70, -1094.09, 2.00, 0.00
613.00, 789707.18, 542841.02, 569.53, -1096.27, 2.00, 0.00
614.00, 790275.12, 541743.66, 566.36, -1098.45, 2.00, 0.00
615.00, 790839.89, 540644.12, 563.18, -1100.62, 2.00, 0.00
616.00, 791401.49, 539542.42, 560.00, -1102.79, 2.00, 0.00
617.00, 791959.90, 538438.54, 556.82, -1104.96, 2.00, 0.00
618.00, 792515.13, 537332.50, 553.63, -1107.12, 2.00, 0.00
619.00, 793067.17, 536224.29, 550.44, -1109.28, 2.00, 0.00
620.00, 793616.01, 535113.93, 547.25, -1111.44, 2.00, 0.00
621.00, 794161.66, 534001.42, 544.05, -1113.59, 2.00, 0.00
622.00, 794704.12, 532886.75, 540.85, -1115.74, 2.00, 0.00
623.00, 795243.36, 531769.93, 537.64, -1117.89, 2.00, 0.00
624.00, 795779.40, 530650.97, 534.43, -1120.03, 2.00, 0.00
625.00, 796312.23, 529529.86, 531.22, -1122.17, 2.00, 0.00
626.00, 796841.84, 528406.62, 528.00, -1124.31, 2.00, 0.00
627.00, 797368.23, 527281.25, 524.78, -1126.44, 2.00, 0.00
628.00, 797891.40, 526153.74, 521.56, -1128.57, 2.00, 0.00
629.00, 798411.34, 525024.10, 518.33, -1130.70, 2.00, 0.00
630.00, 798928.05, 523892.34, 515.09, -1132.82, 2.00, 0.00
631.00, 799441.53, 522758.45, 511.86, -1134.94, 2.00, 0.00
632.00, 799951.76, 521622.45, 508.61, -1137.06, 2.00, 0.00
633.00, 800458.75, 520484.34, 505.37, -1139.17, 2.00, 0.00
634.00, 800962.50, 519344.11, 502.12, -1141.28, 2.00, 0.00
635.00, 801462.99, 518201.77, 498.86, -1143.39, 2.00, 0.00
636.00, 801960.22, 517057.33, 495.61, -1145.49, 2.00, 0.00
637.00, 802454.20, 515910.78, 492.34, -1147.59, 2.00, 0.00
638.00, 802944.91, 514762.14, 489.08, -1149.69, 2.00, 0.00
639.00, 803432.36, 513611.40, 485.81, -1151.78, 2.00, 0.00
640.00, 803916.53, 512458.57, 482.53, -1153.87, 2.00, 0.00
641.00, 804397.42, 511303.65, 479.25, -1155.96, 2.00, 0.00
642.00, 804875.03, 510146.65, 475.97, -1158.05, 2.00, 0.00
643.00, 805349.36, 508987.56, 472.69, -1160.13, 2.00, 0.00
644.00, 805820.40, 507826.40, 469.39, -1162.20, 2.00, 0.00
645.00, 806288.15, 506663.16, 466.10, -1164.28, 2.00, 0.00
646.00, 806752.60, 505497.85, 462.80, -1166.35, 2.00, 0.00
647.00, 807213.75, 504330.47, 459.49, -1168.41, 2.00, 0.00
648.00, 807671.59, 503161.02, 456.19, -1170.48, 2.00, 0.00
649.00, 808126.12, 501989.51, 452.87, -1172.54, 2.00, 0.00
650.00, 808577.33, 500815.94, 449.56, -1174.60, 2.00, 0.00
651.00, 809025.23, 499640.32, 446.24, -1176.65, 2.00, 0.00
652.00, 809469.81, 498462.64, 442.91, -1178.70, 2.00, 0.00
653.00, 809911.05, 497282.92, 439.58, -1180.75, 2.00, 0.00
654.00, 810348.97, 496101.15, 436.25, -1182.79, 2.00, 0.00
655.00, 810783.54, 494917.33, 432.91, -1184.83, 2.00, 0.00
656.00, 811214.78, 493731.48, 429.57, -1186.87, 2.00, 0.00
657.00, 811642.67, 492543.59, 426.22, -1188.91, 2.00, 0.00
658.00, 812067.22, 491353.67, 422.87, -1190.94, 2.00, 0.00
659.00, 812488.41, 490161.72, 419.51, -1192.96, 2.00, 0.00
660.00, 812906.24, 488967.74, 416.15, -1194.99, 2.00, 0.00
661.00, 813320.70, 487771.74, 412.78, -1197.01, 2.00, 0.00
662.00, 813731.80, 486573.73, 409.41, -1199.03, 2.00, 0.00
663.00, 814139.53, 485373.69, 406.04, -1201.04, 2.00, 0.00
664.00, 814543.88, 484171.64, 402.66, -1203.05, 2.00, 0.00
665.00, 814944.85, 482967.58, 399.28, -1205.06, 2.00, 0.00
666.00, 815342.44, 481761.52, 395.89, -1207.07, 2.00, 0.00
667.00, 815736.63, 480553.45, 392.50, -1209.07, 2.00, 0.00
668.00, 816127.43, 479343.39, 389.10, -1211.07, 2.00, 0.00
669.00, 816514.84, 478131.32, 385.70, -1213.06, 2.00, 0.00
670.00, 816898.83, 476917.26, 382.29, -1215.05, 2.00, 0.00
671.00, 817279.42, 475701.22, 378.88, -1217.04, 2.00, 0.00
672.00, 817656.60, 474483.18, 375.47, -1219.03, 2.00, 0.00
673.00, 818030.35, 473263.17, 372.05, -1221.01, 2.00, 0.00
674.00, 818400.69, 472041.17, 368.62, -1222.99, 2.00, 0.00
675.00, 818767.60, 470817.20, 365.19, -1224.96, 2.00, 0.00
676.00, 819131.07, 469591.25, 361.76, -1226.93, 2.00, 0.00
677.00, 819491.11, 468363.33, 358.32, -1228.90, 2.00, 0.00
678.00, 819847.71, 467133.45, 354.87, -1230.87, 2.00, 0.00
679.00, 820200.86, 465901.60, 351.43, -1232.83, 2.00, 0.00
680.00, 820550.56, 464667.79, 347.97, -1234.79, 2.00, 0.00
681.00, 820896.80, 463432.02, 344.51, -1236.74, 2.00, 0.00
682.00, 821239.59, 462194.30, 341.05, -1238.70, 2.00, 0.00
683.00, 821578.90, 460954.63, 337.58, -1240.64, 2.00, 0.00
684.00, 821914.75, 459713.02, 334.11, -1242.59, 2.00, 0.00
685.00, 822247.12, 458469.46, 330.63, -1244.53, 2.00, 0.00
686.00, 822576.02, 457223.96, 327.15, -1246.47, 2.00, 0.00
687.00, 822901.42, 455976.52, 323.66, -1248.41, 2.00, 0.00
688.00, 823223.34, 454727.14, 320.17, -1250.34, 2.00, 0.00
689.00, 823541.76, 453475.84, 316.67, -1252.27, 2.00, 0.00
690.00, 823856.68, 452222.61, 313.17, -1254.19, 2.00, 0.00
691.00, 824168.10, 450967.46, 309.66, -1256.12, 2.00, 0.00
692.00, 824476.00, 449710.38, 306.15, -1258.03, 2.00, 0.00
693.00, 824780.39, 448451.39, 302.63, -1259.95, 2.00, 0.00
694.00, 825081.26, 447190.48, 299.11, -1261.86, 2.00, 0.00
695.00, 825378.61, 445927.67, 295.58, -1263.77, 2.00, 0.00
696.00, 825672.42, 444662.94, 292.05, -1265.68, 2.00, 0.00
697.00, 825962.70, 443396.31, 288.51, -1267.58, 2.00, 0.00
698.00, 826249.44, 442127.78, 284.97, -1269.48, 2.00, 0.00
699.00, 826532.63, 440857.36, 281.42, -1271.37, 2.00, 0.00
700.00, 826812.27, 439585.04, 277.86, -1273.27, 2.00, 0.00
701.00, 827088.36, 438310.82, 274.31, -1275.16, 2.00, 0.00
702.00, 827360.88, 437034.73, 270.74, -1277.04, 2.00, 0.00
703.00, 827629.84, 435756.74, 267.17, -1278.92, 2.00, 0.00
704.00, 827895.22, 434476.88, 263.60, -1280.80, 2.00, 0.00
705.00, 828157.03, 433195.14, 260.02, -1282.68, 2.00, 0.00
706.00, 828415.26, 431911.52, 256.43, -1284.55, 2.00, 0.00
707.00, 828669.90, 430626.04, 252.84, -1286.42, 2.00, 0.00
708.00, 828920.94, 429338.69, 249.25, -1288.29, 2.00, 0.00
709.00, 829168.39, 428049.47, 245.64, -1290.15, 2.00, 0.00
710.00, 829412.23, 426758.39, 242.04, -1292.01, 2.00, 0.00
711.00, 829652.46, 425465.46, 238.43, -1293.86, 2.00, 0.00
712.00, 829889.08, 424170.67, 234.81, -1295.71, 2.00, 0.00
713.00, 830122.08, 422874.03, 231.19, -1297.56, 2.00, 0.00
714.00, 830351.45, 421575.55, 227.56, -1299.41, 2.00, 0.00
715.00, 830577.19, 420275.22, 223.92, -1301.25, 2.00, 0.00
716.00, 830799.29, 418973.05, 220.28, -1303.09, 2.00, 0.00
717.00, 831017.76, 417669.04, 216.64, -1304.92, 2.00, 0.00
718.00, 831232.57, 416363.21, 212.99, -1306.75, 2.00, 0.00
719.00, 831443.73, 415055.54, 209.33, -1308.58, 2.00, 0.00
720.00, 831651.23, 413746.04, 205.67, -1310.41, 2.00, 0.00
721.00, 831855.07, 412434.72, 202.00, -1312.23, 2.00, 0.00
722.00, 832055.24, 411121.58, 198.33, -1314.05, 2.00, 0.00
723.00, 832251.73, 409806.63, 194.65, -1315.86, 2.00, 0.00
724.00, 832444.54, 408489.86, 190.97, -1317.67, 2.00, 0.00
725.00, 832633.66, 407171.29, 187.28, -1319.48, 2.00, 0.00
726.00, 832819.09, 405850.90, 183.58, -1321.28, 2.00, 0.00
727.00, 833000.82, 404528.72, 179.88, -1323.09, 2.00, 0.00
728.00, 833178.84, 403204.73, 176.17, -1324.88, 2.00, 0.00
729.00, 833353.16, 401878.95, 172.46, -1326.68, 2.00, 0.00
730.00, 833523.76, 400551.38, 168.74, -1328.47, 2.00, 0.00
731.00, 833690.63, 399222.02, 165.01, -1330.25, 2.00, 0.00
732.00, 833853.78, 397890.87, 161.28, -1332.04, 2.00, 0.00
733.00, 834013.20, 396557.95, 157.55, -1333.82, 2.00, 0.00
734.00, 834168.87, 395223.24, 153.80, -1335.59, 2.00, 0.00
735.00, 834320.80, 393886.76, 150.05, -1337.37, 2.00, 0.00
736.00, 834468.98, 392548.51, 146.30, -1339.14, 2.00, 0.00
737.00, 834613.40, 391208.49, 142.54, -1340.90, 2.00, 0.00
738.00, 834754.06, 389866.71, 138.77, -1342.66, 2.00, 0.00
739.00, 834890.95, 388523.16, 135.00, -1344.42, 2.00, 0.00
740.00, 835024.06, 387177.86, 131.22, -1346.18, 2.00, 0.00
741.00, 835153.39, 385830.80, 127.44, -1347.93, 2.00, 0.00
742.00, 835278.93, 384482.00, 123.64, -1349.68, 2.00, 0.00
743.00, 835400.67, 383131.45, 119.85, -1351.42, 2.00, 0.00
744.00, 835518.62, 381779.15, 116.04, -1353.16, 2.00, 0.00
745.00, 835632.76, 380425.12, 112.23, -1354.90, 2.00, 0.00
746.00, 835743.09, 379069.35, 108.42, -1356.64, 2.00, 0.00
747.00, 835849.59, 377711.85, 104.60, -1358.37, 2.00, 0.00
748.00, 835952.28, 376352.62, 100.77, -1360.09, 2.00, 0.00
749.00, 836051.13, 374991.66, 96.93, -1361.82, 2.00, 0.00
750.00, 836146.14, 373628.99, 93.09, -1363.54, 2.00, 0.00
751.00, 836237.31, 372264.59, 89.24, -1365.25, 2.00, 0.00
752.00, 836324.63, 370898.48, 85.39, -1366.96, 2.00, 0.00
753.00, 836408.09, 369530.66, 81.53, -1368.67, 2.00, 0.00
754.00, 836487.69, 368161.14, 77.66, -1370.38, 2.00, 0.00
755.00, 836563.42, 366789.91, 73.79, -1372.08, 2.00, 0.00
756.00, 836635.27, 365416.98, 69.91, -1373.78, 2.00, 0.00
757.00, 836703.24, 364042.36, 66.02, -1375.47, 2.00, 0.00
758.00, 836767.31, 362666.04, 62.13, -1377.16, 2.00, 0.00
759.00, 836827.50, 361288.03, 58.23, -1378.85, 2.00, 0.00
760.00, 836883.78, 359908.34, 54.33, -1380.53, 2.00, 0.00
761.00, 836936.15, 358526.97, 50.41, -1382.21, 2.00, 0.00
762.00, 836984.60, 357143.92, 46.50, -1383.89, 2.00, 0.00
763.00, 837029.14, 355759.20, 42.57, -1385.56, 2.00, 0.00
764.00, 837069.74, 354372.80, 38.64, -1387.23, 2.00, 0.00
765.00, 837106.41, 352984.75, 34.70, -1388.89, 2.00, 0.00
766.00, 837139.13, 351595.02, 30.75, -1390.55, 2.00, 0.00
767.00, 837167.91, 350203.64, 26.80, -1392.21, 2.00, 0.00
768.00, 837192.73, 348810.61, 22.84, -1393.86, 2.00, 0.00
769.00, 837213.58, 347415.92, 18.87, -1395.51, 2.00, 0.00
770.00, 837230.47, 346019.58, 14.90, -1397.16, 2.00, 0.00
771.00, 837243.38, 344621.61, 10.92, -1398.80, 2.00, 0.00
772.00, 837252.30, 343221.99, 6.93, -1400.44, 2.00, 0.00
773.00, 837257.24, 341820.73, 2.94, -1402.07, 2.00, 0.00
774.00, 837258.17, 340417.85, -1.07, -1403.70, 2.00, 0.00
775.00, 837255.10, 339013.33, -5.07, -1405.33, 2.00, 0.00
776.00, 837248.02, 337607.20, -9.09, -1406.95, 2.00, 0.00
777.00, 837236.92, 336199.44, -13.11, -1408.57, 2.00, 0.00
778.00, 837221.80, 334790.06, -17.14, -1410.18, 2.00, 0.00
779.00, 837202.64, 333379.07, -21.18, -1411.79, 2.00, 0.00
780.00, 837179.44, 331966.47, -25.22, -1413.40, 2.00, 0.00
781.00, 837152.19, 330552.27, -29.27, -1415.00, 2.00, 0.00
782.00, 837120.89, 329136.47, -33.33, -1416.60, 2.00, 0.00
783.00, 837085.52, 327719.06, -37.40, -1418.20, 2.00, 0.00
784.00, 837046.09, 326300.07, -41.47, -1419.79, 2.00, 0.00
785.00, 837002.58, 324879.49, -45.55, -1421.38, 2.00, 0.00
786.00, 836954.98, 323457.32, -49.64, -1422.96, 2.00, 0.00
787.00, 836903.30, 322033.57, -53.73, -1424.54, 2.00, 0.00
788.00, 836847.51, 320608.24, -57.84, -1426.11, 2.00, 0.00
789.00, 836787.62, 319181.34, -61.95, -1427.69, 2.00, 0.00
790.00, 836723.62, 317752.87, -66.06, -1429.25, 2.00, 0.00
791.00, 836655.49, 316322.83, -70.19, -1430.82, 2.00, 0.00
792.00, 836583.23, 314891.24, -74.32, -1432.38, 2.00, 0.00
793.00, 836506.84, 313458.09, -78.46, -1433.93, 2.00, 0.00
794.00, 836426.31, 312023.38, -82.61, -1435.48, 2.00, 0.00
795.00, 836341.62, 310587.13, -86.77, -1437.03, 2.00, 0.00
796.00, 836252.77, 309149.33, -90.93, -1438.57, 2.00, 0.00
797.00, 836159.75, 307709.99, -95.10, -1440.11, 2.00, 0.00
798.00, 836062.56, 306269.11, -99.28, -1441.64, 2.00, 0.00
799.00, 835961.19, 304826.70, -103.47, -1443.17, 2.00, 0.00
800.00, 835855.63, 303382.76, -107.66, -1444.70, 2.00, 0.00
801.00, 835745.87, 301937.30, -111.86, -1446.22, 2.00, 0.00
802.00, 835631.90, 300490.32, -116.07, -1447.74, 2.00, 0.00
803.00, 835513.72, 299041.83, -120.29, -1449.25, 2.00, 0.00
804.00, 835391.31, 297591.82, -124.52, -1450.76, 2.00, 0.00
805.00, 835264.68, 296140.31, -128.75, -1452.27, 2.00, 0.00
806.00, 835133.80, 294687.29, -132.99, -1453.77, 2.00, 0.00
807.00, 834998.68, 293232.78, -137.25, -1455.26, 2.00, 0.00
808.00, 834859.31, 291776.77, -141.50, -1456.75, 2.00, 0.00
809.00, 834715.67, 290319.27, -145.77, -1458.24, 2.00, 0.00
810.00, 834567.77, 288860.29, -150.05, -1459.73, 2.00, 0.00
811.00, 834415.58, 287399.82, -154.33, -1461.20, 2.00, 0.00
812.00, 834259.11, 285937.88, -158.62, -1462.68, 2.00, 0.00
813.00, 834098.34, 284474.47, -162.92, -1464.15, 2.00, 0.00
814.00, 833933.27, 283009.58, -167.23, -1465.61, 2.00, 0.00
815.00, 833763.88, 281543.24, -171.54, -1467.08, 2.00, 0.00
816.00, 833590.17, 280075.43, -175.87, -1468.53, 2.00, 0.00
817.00, 833412.14, 278606.18, -180.20, -1469.98, 2.00, 0.00
818.00, 833229.77, 277135.47, -184.54, -1471.43, 2.00, 0.00
819.00, 833043.05, 275663.31, -188.89, -1472.88, 2.00, 0.00
820.00, 832851.98, 274189.72, -193.25, -1474.31, 2.00, 0.00
821.00, 832656.54, 272714.69, -197.62, -1475.75, 2.00, 0.00
822.00, 832456.73, 271238.22, -202.00, -1477.18, 2.00, 0.00
823.00, 832252.55, 269760.33, -206.38, -1478.60, 2.00, 0.00
824.00, 832043.97, 268281.02, -210.77, -1480.02, 2.00, 0.00
825.00, 831830.99, 266800.29, -215.18, -1481.44, 2.00, 0.00
826.00, 831613.61, 265318.14, -219.59, -1482.85, 2.00, 0.00
827.00, 831391.82, 263834.59, -224.01, -1484.26, 2.00, 0.00
828.00, 831165.59, 262349.63, -228.44, -1485.66, 2.00, 0.00
829.00, 830934.94, 260863.28, -232.87, -1487.05, 2.00, 0.00
830.00, 830699.84, 259375.52, -237.32, -1488.45, 2.00, 0.00
831.00, 830460.29, 257886.38, -241.78, -1489.83, 2.00, 0.00
832.00, 830216.28, 256395.86, -246.24, -1491.22, 2.00, 0.00
833.00, 829967.81, 254903.95, -250.72, -1492.60, 2.00, 0.00
834.00, 829714.85, 253410.67, -255.20, -1493.97, 2.00, 0.00
835.00, 829457.41, 251916.02, -259.69, -1495.34, 2.00, 0.00
836.00, 829195.46, 250420.00, -264.19, -1496.70, 2.00, 0.00
837.00, 828929.02, 248922.62, -268.70, -1498.06, 2.00, 0.00
838.00, 828658.06, 247423.88, -273.22, -1499.41, 2.00, 0.00
839.00, 828382.57, 245923.80, -277.75, -1500.76, 2.00, 0.00
840.00, 828102.55, 244422.36, -282.29, -1502.10, 2.00, 0.00
841.00, 827817.98, 242919.59, -286.84, -1503.44, 2.00, 0.00
842.00, 827528.86, 241415.48, -291.40, -1504.78, 2.00, 0.00
843.00, 827235.18, 239910.04, -295.96, -1506.10, 2.00, 0.00
844.00, 826936.93, 238403.28, -300.54, -1507.43, 2.00, 0.00
845.00, 826634.10, 236895.19, -305.13, -1508.75, 2.00, 0.00
846.00, 826326.67, 235385.79, -309.72, -1510.06, 2.00, 0.00
847.00, 826014.65, 233875.07, -314.33, -1511.37, 2.00, 0.00
848.00, 825698.01, 232363.05, -318.94, -1512.67, 2.00, 0.00
849.00, 825376.76, 230849.73, -323.57, -1513.97, 2.00, 0.00
850.00, 825050.87, 229335.12, -328.21, -1515.26, 2.00, 0.00
851.00, 824720.34, 227819.22, -332.85, -1516.55, 2.00, 0.00
852.00, 824385.16, 226302.03, -337.51, -1517.83, 2.00, 0.00
853.00, 824045.33, 224783.56, -342.17, -1519.11, 2.00, 0.00
854.00, 823700.82, 223263.82, -346.85, -1520.38, 2.00, 0.00
855.00, 823351.63, 221742.81, -351.53, -1521.64, 2.00, 0.00
856.00, 822997.76, 220220.54, -356.23, -1522.90, 2.00, 0.00
857.00, 822639.18, 218697.00, -360.93, -1524.16, 2.00, 0.00
858.00, 822275.89, 217172.22, -365.65, -1525.41, 2.00, 0.00
859.00, 821907.88, 215646.19, -370.37, -1526.65, 2.00, 0.00
860.00, 821535.14, 214118.92, -375.11, -1527.89, 2.00, 0.00
861.00, 821157.66, 212590.41, -379.86, -1529.12, 2.00, 0.00
862.00, 820775.43, 211060.68, -384.61, -1530.35, 2.00, 0.00
863.00, 820388.43, 209529.71, -389.38, -1531.57, 2.00, 0.00
864.00, 819996.66, 207997.53, -394.16, -1532.79, 2.00, 0.00
865.00, 819600.11, 206464.14, -398.95, -1534.00, 2.00, 0.00
866.00, 819198.77, 204929.54, -403.75, -1535.20, 2.00, 0.00
867.00, 818792.62, 203393.73, -408.56, -1536.40, 2.00, 0.00
868.00, 818381.65, 201856.74, -413.38, -1537.60, 2.00, 0.00
869.00, 817965.86, 200318.55, -418.21, -1538.78, 2.00, 0.00
870.00, 817545.24, 198779.17, -423.05, -1539.96, 2.00, 0.00
871.00, 817119.76, 197238.62, -427.90, -1541.14, 2.00, 0.00
872.00, 816689.43, 195696.89, -432.77, -1542.31, 2.00, 0.00
873.00, 816254.22, 194154.00, -437.64, -1543.47, 2.00, 0.00
874.00, 815814.14, 192609.95, -442.53, -1544.63, 2.00, 0.00
875.00, 815369.16, 191064.74, -447.43, -1545.78, 2.00, 0.00
876.00, 814919.29, 189518.38, -452.33, -1546.93, 2.00, 0.00
877.00, 814464.49, 187970.88, -457.25, -1548.07, 2.00, 0.00
878.00, 814004.78, 186422.24, -462.18, -1549.20, 2.00, 0.00
879.00, 813540.12, 184872.47, -467.13, -1550.33, 2.00, 0.00
880.00, 813070.52, 183321.58, -472.08, -1551.45, 2.00, 0.00
881.00, 812595.96, 181769.57, -477.04, -1552.57, 2.00, 0.00
882.00, 812116.43, 180216.45, -482.02, -1553.68, 2.00, 0.00
883.00, 811631.91, 178662.22, -487.01, -1554.78, 2.00, 0.00
884.00, 811142.41, 177106.90, -492.01, -1555.87, 2.00, 0.00
885.00, 810647.89, 175550.48, -497.02, -1556.96, 2.00, 0.00
886.00, 810148.36, 173992.97, -502.04, -1558.05, 2.00, 0.00
887.00, 809643.80, 172434.39, -507.08, -1559.12, 2.00, 0.00
888.00, 809134.20, 170874.73, -512.12, -1560.19, 2.00, 0.00
889.00, 808619.55, 169314.00, -517.18, -1561.26, 2.00, 0.00
890.00, 808099.84, 167752.21, -522.25, -1562.31, 2.00, 0.00
891.00, 807575.04, 166189.37, -527.34, -1563.37, 2.00, 0.00
892.00, 807045.16, 164625.48, -532.43, -1564.41, 2.00, 0.00
893.00, 806510.18, 163060.56, -537.54, -1565.45, 2.00, 0.00
894.00, 805970.08, 161494.59, -542.66, -1566.48, 2.00, 0.00
895.00, 805424.87, 159927.60, -547.79, -1567.50, 2.00, 0.00
896.00, 804874.51, 158359.60, -552.93, -1568.52, 2.00, 0.00
897.00, 804319.00, 156790.57, -558.09, -1569.53, 2.00, 0.00
898.00, 803758.33, 155220.54, -563.25, -1570.53, 2.00, 0.00
899.00, 803192.49, 153649.52, -568.43, -1571.53, 2.00, 0.00
900.00, 802621.46, 152077.50, -573.63, -1572.51, 2.00, 0.00
901.00, 802045.23, 150504.49, -578.83, -1573.50, 2.00, 0.00
902.00, 801463.79, 148930.51, -584.05, -1574.47, 2.00, 0.00
903.00, 800877.12, 147355.55, -589.28, -1575.44, 2.00, 0.00
904.00, 800285.22, 145779.64, -594.53, -1576.40, 2.00, 0.00
905.00, 799688.06, 144202.76, -599.79, -1577.35, 2.00, 0.00
906.00, 799085.64, 142624.94, -605.06, -1578.30, 2.00, 0.00
907.00, 798477.95, 141046.17, -610.34, -1579.23, 2.00, 0.00
908.00, 797864.96, 139466.47, -615.63, -1580.16, 2.00, 0.00
909.00, 797246.67, 137885.85, -620.94, -1581.09, 2.00, 0.00
910.00, 796623.07, 136304.30, -626.27, -1582.00, 2.00, 0.00
911.00, 795994.13, 134721.84, -631.60, -1582.91, 2.00, 0.00
912.00, 795359.86, 133138.48, -636.95, -1583.81, 2.00, 0.00
913.00, 794720.23, 131554.22, -642.31, -1584.70, 2.00, 0.00
914.00, 794075.22, 129969.07, -647.69, -1585.59, 2.00, 0.00
915.00, 793424.84, 128383.05, -653.08, -1586.47, 2.00, 0.00
916.00, 792769.06, 126796.14, -658.48, -1587.34, 2.00, 0.00
917.00, 792107.87, 125208.38, -663.90, -1588.20, 2.00, 0.00
918.00, 791441.25, 123619.75, -669.33, -1589.05, 2.00, 0.00
919.00, 790769.20, 122030.28, -674.78, -1589.90, 2.00, 0.00
920.00, 790091.69, 120439.96, -680.24, -1590.73, 2.00, 0.00
921.00, 789408.72, 118848.81, -685.71, -1591.56, 2.00, 0.00
922.00, 788720.27, 117256.84, -691.20, -1592.38, 2.00, 0.00
923.00, 788026.32, 115664.05, -696.70, -1593.20, 2.00, 0.00
924.00, 787326.87, 114070.45, -702.21, -1594.00, 2.00, 0.00
925.00, 786621.89, 112476.05, -707.74, -1594.80, 2.00, 0.00
926.00, 785911.38, 110880.86, -713.29, -1595.58, 2.00, 0.00
927.00, 785195.32, 109284.89, -718.84, -1596.36, 2.00, 0.00
928.00, 784473.69, 107688.14, -724.42, -1597.13, 2.00, 0.00
929.00, 783746.48, 106090.63, -730.00, -1597.89, 2.00, 0.00
930.00, 783013.68, 104492.36, -735.61, -1598.65, 2.00, 0.00
931.00, 782275.26, 102893.34, -741.22, -1599.39, 2.00, 0.00
932.00, 781531.22, 101293.58, -746.86, -1600.13, 2.00, 0.00
933.00, 780781.55, 99693.08, -752.50, -1600.85, 2.00, 0.00
934.00, 780026.21, 98091.87, -758.16, -1601.57, 2.00, 0.00
935.00, 779265.21, 96489.95, -763.84, -1602.28, 2.00, 0.00
936.00, 778498.53, 94887.32, -769.53, -1602.98, 2.00, 0.00
937.00, 777726.14, 93283.99, -775.24, -1603.67, 2.00, 0.00
938.00, 776948.04, 91679.98, -780.96, -1604.35, 2.00, 0.00
939.00, 776164.21, 90075.30, -786.70, -1605.02, 2.00, 0.00
940.00, 775374.63, 88469.94, -792.45, -1605.68, 2.00, 0.00
941.00, 774579.29, 86863.93, -798.22, -1606.34, 2.00, 0.00
942.00, 773778.18, 85257.28, -804.01, -1606.98, 2.00, 0.00
943.00, 772971.27, 83649.98, -809.81, -1607.61, 2.00, 0.00
944.00, 772158.56, 82042.05, -815.63, -1608.24, 2.00, 0.00
945.00, 771340.02, 80433.51, -821.46, -1608.85, 2.00, 0.00
946.00, 770515.64, 78824.36, -827.31, -1609.45, 2.00, 0.00
947.00, 769685.40, 77214.61, -833.17, -1610.05, 2.00, 0.00
948.00, 768849.29, 75604.27, -839.05, -1610.63, 2.00, 0.00
949.00, 768007.29, 73993.35, -844.95, -1611.21, 2.00, 0.00
950.00, 767159.39, 72381.86, -850.86, -1611.77, 2.00, 0.00
951.00, 766305.56, 70769.81, -856.79, -1612.32, 2.00, 0.00
952.00, 765445.80, 69157.21, -862.74, -1612.87, 2.00, 0.00
953.00, 764580.08, 67544.08, -868.70, -1613.40, 2.00, 0.00
954.00, 763708.39, 65930.42, -874.68, -1613.92, 2.00, 0.00
955.00, 762830.72, 64316.24, -880.68, -1614.43, 2.00, 0.00
956.00, 761947.04, 62701.56, -886.69, -1614.93, 2.00, 0.00
957.00, 761057.33, 61086.38, -892.72, -1615.42, 2.00, 0.00
958.00, 760161.59, 59470.71, -898.77, -1615.90, 2.00, 0.00
959.00, 759259.79, 57854.57, -904.83, -1616.37, 2.00, 0.00
960.00, 758351.92, 56237.97, -910.91, -1616.83, 2.00, 0.00
961.00, 757437.96, 54620.92, -917.01, -1617.28, 2.00, 0.00
962.00, 756517.89, 53003.43, -923.13, -1617.71, 2.00, 0.00
963.00, 755591.70, 51385.50, -929.26, -1618.13, 2.00, 0.00
964.00, 754659.36, 49767.16, -935.42, -1618.55, 2.00, 0.00
965.00, 753720.86, 48148.42, -941.59, -1618.95, 2.00, 0.00
966.00, 752776.18, 46529.27, -947.77, -1619.33, 2.00, 0.00
967.00, 751825.31, 44909.75, -953.98, -1619.71, 2.00, 0.00
968.00, 750868.22, 43289.85, -960.20, -1620.08, 2.00, 0.00
969.00, 749904.90, 41669.60, -966.44, -1620.43, 2.00, 0.00
970.00, 748935.32, 40049.00, -972.70, -1620.77, 2.00, 0.00
971.00, 747959.48, 38428.06, -978.98, -1621.10, 2.00, 0.00
972.00, 746977.35, 36806.80, -985.28, -1621.42, 2.00, 0.00
973.00, 745988.91, 35185.23, -991.60, -1621.72, 2.00, 0.00
974.00, 744994.15, 33563.36, -997.93, -1622.01, 2.00, 0.00
975.00, 743993.05, 31941.20, -1004.28, -1622.29, 2.00, 0.00
976.00, 742985.58, 30318.78, -1010.66, -1622.56, 2.00, 0.00
977.00, 741971.73, 28696.09, -1017.05, -1622.81, 2.00, 0.00
978.00, 740951.48, 27073.15, -1023.46, -1623.06, 2.00, 0.00
979.00, 739924.81, 25449.98, -1029.89, -1623.28, 2.00, 0.00
980.00, 738891.70, 23826.59, -1036.34, -1623.50, 2.00, 0.00
981.00, 737852.13, 22202.99, -1042.80, -1623.70, 2.00, 0.00
982.00, 736806.09, 20579.19, -1049.29, -1623.89, 2.00, 0.00
983.00, 735753.54, 18955.21, -1055.80, -1624.06, 2.00, 0.00
984.00, 734694.48, 17331.07, -1062.33, -1624.22, 2.00, 0.00
985.00, 733628.89, 15706.77, -1068.87, -1624.37, 2.00, 0.00
986.00, 732556.73, 14082.33, -1075.44, -1624.51, 2.00, 0.00
987.00, 731478.00, 12457.76, -1082.03, -1624.62, 2.00, 0.00
988.00, 730392.67, 10833.09, -1088.64, -1624.73, 2.00, 0.00
989.00, 729300.72, 9208.31, -1095.26, -1624.82, 2.00, 0.00
990.00, 728202.13, 7583.45, -1101.91, -1624.90, 2.00, 0.00
991.00, 727096.89, 5958.52, -1108.58, -1624.96, 2.00, 0.00
992.00, 725984.97, 4333.53, -1115.27, -1625.01, 2.00, 0.00
993.00, 724866.34, 2708.51, -1121.98, -1625.04, 2.00, 0.00
994.00, 723740.99, 1083.46, -1128.71, -1625.06, 2.00, 0.00
995.00, 722608.91, -541.60, -1135.47, -1625.06, 2.00, 0.00
996.00, 721470.05, -2166.65, -1142.24, -1625.05, 2.00, 0.00
997.00, 720324.42, -3791.69, -1149.04, -1625.02, 2.00, 0.00
998.00, 719171.98, -5416.69, -1155.85, -1624.98, 2.00, 0.00
999.00, 718012.71, -7041.63, -1162.69, -1624.92, 2.00, 0.00